{"count":1,"self":3005.5569407999997,"total":3008.9486696999998,"children":{"InitializeActuators":{"count":9,"self":0.0045699999999999994,"total":0.0045699999999999994,"children":null},"InitializeSensors":{"count":9,"self":0.0040904999999999995,"total":0.0040904999999999995,"children":null},"AgentSendState":{"count":7603,"self":0.4478406,"total":0.6735205,"children":{"CollectObservations":{"count":8315,"self":0.2023418,"total":0.2023418,"children":null},"WriteActionMask":{"count":8315,"self":0.008358899999999999,"total":0.008358899999999999,"children":null},"RequestDecision":{"count":8315,"self":0.0149792,"total":0.0149792,"children":null}}},"DecideAction":{"count":7603,"self":2.4209563999999997,"total":2.6172665,"children":{"RayPerceptionSensor.Perceive":{"count":8315,"self":0.19630999999999998,"total":0.19630999999999998,"children":null}}},"AgentAct":{"count":7603,"self":0.0872693,"total":0.0872693,"children":null}},"gauges":{"FortniteAgent.CumulativeReward":{"count":20,"max":3.26700735,"min":-0.7549963,"runningAverage":0.202350736,"value":-0.6539964,"weightedAverage":0.005151987}},"metadata":{"timer_format_version":"0.1.0","start_time_seconds":"1762598775","unity_version":"6000.0.31f1","command_line_arguments":"C:\\Users\\bhara\\Desktop\\Unity\\Unity Projects\\Fortnite ML 2\\Builds\\TheOutpost\\TheOutpost.exe","communication_protocol_version":"1.5.0","com.unity.ml-agents_version":"4.0.0","scene_name":"TheOutpost","end_time_seconds":"1762601783"}}